name,loss,accuracy,time
Centralized,0.17252402007579803,0.9473809599876404,31.17333960533142
Outliers_10pct,0.34584304690361023,0.9007142782211304,191.661062002182
Outliers_20pct,0.3400725722312927,0.9023809432983398,197.7420380115509
Outliers_30pct,0.34301209449768066,0.9004762172698975,204.87460899353027
